{
    "average_f1_macro": 0.15689012068145206,
    "std_f1_macro": 0.09237786571495096,
    "individual_scores": [
        0.10339098985388376,
        0.10705273374591903,
        0.2042563463842797,
        0.12165282246390108,
        0.06140784008937896,
        0.3304762547697268,
        0.3237566105631549,
        0.08002313400531272,
        0.13498161009626614,
        0.10190286484269728
    ],
    "num_training_samples_used": 25,
    "num_selected_ids_listed": 25
}