{
    "average_f1_macro": 0.6046455352204314,
    "std_f1_macro": 0.001053691756771702,
    "individual_scores": [
        0.6026492259463183,
        0.6047566492108032,
        0.6033572312327233,
        0.6058942136681942,
        0.6045165948712677,
        0.6043782579885429,
        0.6040941705956859,
        0.605080046056451,
        0.6062729030315854,
        0.6054560596027423
    ],
    "num_training_samples_used": 1000,
    "num_selected_ids_listed": 1000
}